name,time,portions,difficulty,description,ingredients,steps,website,url,image_url
mojito recipe,5 mins,1,Easy,"Mix this classic cocktail for a party using fresh mint, white rum, sugar, zesty lime and cooling soda water. Play with the quantities to suit your taste.","['juice of 1 lime', '1 tsp granulated sugar', 'small handful mint leaves, plus extra sprig to serve', '60ml white rum', 'soda water, to taste']","['Muddle the lime juice, sugar and mint leaves in a small jug, crushing the mint as you go – you can use the end of a rolling pin for this. Pour into a tall glass and add a handful of ice.', 'Pour over the rum, stirring with a long-handled spoon. Top up with soda water, garnish with mint and serve.']",bbc,https://www.bbcgoodfood.com/recipes/mojito,"https://images.immediate.co.uk/production/volatile/sites/30/2020/08/mojito-cocktails-150961e.jpg?quality=90&resize=430,390"
sex on the beach cocktail,5 mins,2,Easy,Combine vodka with peach schnapps and cranberry juice to make a classic sex on the beach cocktail. Garnish with cocktail cherries and orange slices,"['ice', '50ml vodka', '25ml peach schnapps', '2 oranges, juiced, plus 2 slices to garnish', '50ml cranberry juice', 'glacé cherries, to garnish (optional)']","['Fill two tall glasses with ice cubes. Pour the vodka, peach schnapps and fruit juices into a large jug and stir.', 'Divide the mixture between the two glasses and stir gently to combine. Garnish with the cocktail cherries and orange slices.']",bbc,https://www.bbcgoodfood.com/recipes/sex-beach-cocktail,"https://images.immediate.co.uk/production/volatile/sites/30/2020/08/sex_on_the_beach-621ae6e.jpg?quality=90&resize=440,400"
espresso martini,5 mins,2,Easy,"Learn how to make this classic coffee cocktail. Our easy recipe uses freshly brewed espresso, a dash of coffee liqueur and a simple sugar syrup.","['For the sugar syrup', '100g golden caster sugar']","['Start by making the sugar syrup. Put the caster sugar in a small pan over a medium heat and pour in 50ml water. Stir, and bring to the boil.', 'Turn off the heat and allow the mixture to cool. Put 2 martini glasses in the fridge to chill.', 'Once the sugar syrup is cold, pour 1 tbsp into a cocktail shaker along with a handful of ice, the vodka, espresso and coffee liqueur. Shake until the outside of the cocktail shaker feels icy cold.', 'Strain into the chilled glasses. Garnish each one with coffee beans if you like.']",bbc,https://www.bbcgoodfood.com/recipes/espresso-martini,"https://images.immediate.co.uk/production/volatile/sites/30/2020/08/espresso-martini-f099531.jpg?quality=90&resize=440,400"
aperol spritz,5 mins,2,Easy,"Get a taste of summer with our take on this classic Italian cocktail of Aperol, prosecco and soda. Try our proportions or adjust the ratio to taste","['ice', '100ml Aperol', '150ml prosecco', 'soda, to top up']","['Put a couple of cubes of ice into 2 glasses and add a 50 ml measure of Aperol to each. Divide the prosecco between the glasses and then top up with soda, if you like.']",bbc,https://www.bbcgoodfood.com/recipes/aperol-spritz,"https://images.immediate.co.uk/production/volatile/sites/30/2020/08/aperol-spritz-0e58f7b.jpg?quality=90&resize=440,400"
easy sangria,10 mins,6,Easy,"Embrace balmy summer days with a jug of sangria. With red wine, Spanish brandy, sparkling water, cinnamon and chopped fruit, it's a lovely sharing cocktail","['2 oranges , chopped', '2 pears , chopped', '2 lemons , 1 chopped, 1 juiced', '200g red berries , chopped (we used strawberries and cherries)', '3 tbsp caster sugar', '1 tsp cinnamon', 'ice', '750ml bottle light red wine', '100ml Spanish brandy', '300ml sparkling water']","['Put the chopped fruit in a bowl and sprinkle over the sugar and cinnamon, then stir to coat. Cover and leave to macerate in the fridge for at least 1 hr, or ideally overnight.', 'Fill a large jug with ice. Stir the macerated fruit mixture to ensure the sugar is dissolved, then tip into the jug with the wine and brandy. Stir, then top up with the sparkling water and serve.']",bbc,https://www.bbcgoodfood.com/recipes/sangria,"https://images.immediate.co.uk/production/volatile/sites/30/2020/08/sangria-new-crop-8fbb7a1.jpg?quality=90&resize=440,400"
singapore sling,5 mins,1,Easy,"Mix gin with cherry brandy, Benedictine, Angostura bitters, pineapple and lime juice to make this classic cocktail. Garnish with pineapple and a cherry","['25ml dry gin', '25ml cherry brandy', '25ml Benedictine', 'handful of ice, to serve', 'few drops Angostura bitters', '50ml pineapple juice', '25ml lime juice', 'sparkling water to top up']","['Pour the gin, cherry brandy and Benedictine into a mixing glass or a jug. Add the ice and Angostura bitters. Stir well until the outside of the glass feels cold.', 'Pour the mix into a tall glass, then add the pineapple juice and lime juice and stir gently. Top up with sparkling water and garnish.']",bbc,https://www.bbcgoodfood.com/recipes/singapore-sling,"https://images.immediate.co.uk/production/volatile/sites/30/2020/08/singapore-sling-37315fa.jpg?quality=90&resize=440,400"
vodka martini,5 mins,1,Easy,Make an easy vodka martini with our simple recipe for an elegant party tipple. Serve your cool cocktail with an olive or a twist of lemon peel,"['60ml vodka', '1 tbsp dry vermouth', 'olive or lemon peel, to garnish']","['Stir the vodka, dry vermouth and a little ice together or put them in a cocktail shaker to combine.', 'Strain into a chilled martini glass. Serve with an olive on a cocktail stick or a twist of lemon peel.']",bbc,https://www.bbcgoodfood.com/recipes/vodka-martini,"https://images.immediate.co.uk/production/volatile/sites/30/2020/08/vodka-martini-recipe-d7e9995.jpg?quality=90&resize=440,400"
mudslide,5 mins,2,Easy,"Share this creamy adults-only drink with the chocolate lover in your life. For extra indulgence, grate over some chocolate before serving","['50g dark chocolate', 'ice', '60ml coffee-flavoured liqueur', '60ml vodka', '60ml Irish cream liqueur', '100ml double cream']","[""Put two small tumblers in the fridge to chill overnight. Put 30g of the chocolate in a shallow bowl and melt in the microwave in short bursts. Dip the rim of the chilled glasses in the melted chocolate, then stand them upright so it gradually drips down the sides. Return to the fridge until you're ready to serve. "", 'Fill a cocktail shaker with ice, then pour in the coffee-flavoured liqueur, vodka, Irish cream liqueur and double cream. Shake until the outside of the shaker is very cold. ', 'Put a few ice cubes in the prepared glasses, then strain in the cocktail. Finely grate over the remaining chocolate and serve with a paper straw. ']",bbc,https://www.bbcgoodfood.com/recipes/mudslide,"https://images.immediate.co.uk/production/volatile/sites/30/2020/08/mudslide-b38f145.jpg?quality=90&resize=440,400"
palomezcal,5 mins,1,Easy,"Try a twist on one of Mexico's favourite cocktails using mezcal instead of tequila for a refreshing, summery sipper","['lime juice (optional)', '50ml espadin mezcal', '30ml fresh grapefruit juice', '10ml agave syrup', 'ice', 'soda water']","[""If you're choosing to salt the rim of your glass like a classic margarita, dip the rim in a saucer of lime juice, followed by a saucer of sea salt."", 'Put all the ingredients except the soda water into a cocktail shaker, fill with ice and give it a good shake.', 'Strain into a tall collins glass over fresh ice and top with soda water and a slice of grapefruit to garnish.']",bbc,https://www.bbcgoodfood.com/recipes/palomezcal,"https://images.immediate.co.uk/production/volatile/sites/30/2021/03/palomezcal-bf0600b.jpg?quality=90&resize=556,505"
pink gin iced tea,15 mins,6,Easy,"Blend pink gin with iced tea and you have this unique cocktail, made with spiced rum, elderflower and pink grapefruit. Serve in a jug for a sharing cocktail ","['1 chamomile tea bag', '100ml pink gin', '100ml spiced rum', '100ml elderflower cordial', '100ml pink grapefruit juice', 'ice', 'thyme sprigs, to garnish']","['Brew the chamomile tea bag with 500ml boiling water, steep for 2-3 mins or following pack instructions. Remove the bag and leave to cool for 5 mins. ', 'Pour into a large jug with the pink gin, rum, elderflower cordial and juice. Add ice and stir, then add the thyme sprigs and stir again before serving. ']",bbc,https://www.bbcgoodfood.com/recipes/pink-gin-iced-tea,"https://images.immediate.co.uk/production/volatile/sites/30/2020/08/gin_iced_tea-7addd18.jpg?quality=90&resize=440,400"
mojito recipe,5 mins,1,Easy,"Mix this classic cocktail for a party using fresh mint, white rum, sugar, zesty lime and cooling soda water. Play with the quantities to suit your taste.","['juice of 1 lime', '1 tsp granulated sugar', 'small handful mint leaves, plus extra sprig to serve', '60ml white rum', 'soda water, to taste']","['Muddle the lime juice, sugar and mint leaves in a small jug, crushing the mint as you go – you can use the end of a rolling pin for this. Pour into a tall glass and add a handful of ice.', 'Pour over the rum, stirring with a long-handled spoon. Top up with soda water, garnish with mint and serve.']",bbc,https://www.bbcgoodfood.com/recipes/mojito,"https://images.immediate.co.uk/production/volatile/sites/30/2020/08/mojito-cocktails-150961e.jpg?quality=90&resize=430,390"
sex on the beach cocktail,5 mins,2,Easy,Combine vodka with peach schnapps and cranberry juice to make a classic sex on the beach cocktail. Garnish with cocktail cherries and orange slices,"['ice', '50ml vodka', '25ml peach schnapps', '2 oranges, juiced, plus 2 slices to garnish', '50ml cranberry juice', 'glacé cherries, to garnish (optional)']","['Fill two tall glasses with ice cubes. Pour the vodka, peach schnapps and fruit juices into a large jug and stir.', 'Divide the mixture between the two glasses and stir gently to combine. Garnish with the cocktail cherries and orange slices.']",bbc,https://www.bbcgoodfood.com/recipes/sex-beach-cocktail,"https://images.immediate.co.uk/production/volatile/sites/30/2020/08/sex_on_the_beach-621ae6e.jpg?quality=90&resize=440,400"
espresso martini,5 mins,2,Easy,"Learn how to make this classic coffee cocktail. Our easy recipe uses freshly brewed espresso, a dash of coffee liqueur and a simple sugar syrup.","['For the sugar syrup', '100g golden caster sugar']","['Start by making the sugar syrup. Put the caster sugar in a small pan over a medium heat and pour in 50ml water. Stir, and bring to the boil.', 'Turn off the heat and allow the mixture to cool. Put 2 martini glasses in the fridge to chill.', 'Once the sugar syrup is cold, pour 1 tbsp into a cocktail shaker along with a handful of ice, the vodka, espresso and coffee liqueur. Shake until the outside of the cocktail shaker feels icy cold.', 'Strain into the chilled glasses. Garnish each one with coffee beans if you like.']",bbc,https://www.bbcgoodfood.com/recipes/espresso-martini,"https://images.immediate.co.uk/production/volatile/sites/30/2020/08/espresso-martini-f099531.jpg?quality=90&resize=440,400"
mojito recipe,5 mins,1,Easy,"Mix this classic cocktail for a party using fresh mint, white rum, sugar, zesty lime and cooling soda water. Play with the quantities to suit your taste.","['juice of 1 lime', '1 tsp granulated sugar', 'small handful mint leaves, plus extra sprig to serve', '60ml white rum']",[],bbc,https://www.bbcgoodfood.com/recipes/mojito,https://images.immediate.co.uk/production/volatile/sites/30/2020/08/mojito-cocktails-150961e.jpg
mojito recipe,5 mins,1,Easy,"Mix this classic cocktail for a party using fresh mint, white rum, sugar, zesty lime and cooling soda water. Play with the quantities to suit your taste.","['juice of 1 lime', '1 tsp granulated sugar', 'small handful mint leaves, plus extra sprig to serve', '60ml white rum', 'soda water, to taste']","['Muddle the lime juice, sugar and mint leaves in a small jug, crushing the mint as you go – you can use the end of a rolling pin for this. Pour into a tall glass and add a handful of ice.', 'Pour over the rum, stirring with a long-handled spoon. Top up with soda water, garnish with mint and serve.']",bbc,https://www.bbcgoodfood.com/recipes/mojito,https://images.immediate.co.uk/production/volatile/sites/30/2020/08/mojito-cocktails-150961e.jpg
sex on the beach cocktail,5 mins,2,Easy,Combine vodka with peach schnapps and cranberry juice to make a classic sex on the beach cocktail. Garnish with cocktail cherries and orange slices,"['ice', '50ml vodka', '25ml peach schnapps', '2 oranges, juiced, plus 2 slices to garnish', '50ml cranberry juice', 'glacé cherries, to garnish (optional)']","['Fill two tall glasses with ice cubes. Pour the vodka, peach schnapps and fruit juices into a large jug and stir.', 'Divide the mixture between the two glasses and stir gently to combine. Garnish with the cocktail cherries and orange slices.']",bbc,https://www.bbcgoodfood.com/recipes/sex-beach-cocktail,https://images.immediate.co.uk/production/volatile/sites/30/2020/08/sex_on_the_beach-621ae6e.jpg
espresso martini,5 mins,2,Easy,"Learn how to make this classic coffee cocktail. Our easy recipe uses freshly brewed espresso, a dash of coffee liqueur and a simple sugar syrup.","['For the sugar syrup', '100g golden caster sugar']","['Start by making the sugar syrup. Put the caster sugar in a small pan over a medium heat and pour in 50ml water. Stir, and bring to the boil.', 'Turn off the heat and allow the mixture to cool. Put 2 martini glasses in the fridge to chill.', 'Once the sugar syrup is cold, pour 1 tbsp into a cocktail shaker along with a handful of ice, the vodka, espresso and coffee liqueur. Shake until the outside of the cocktail shaker feels icy cold.', 'Strain into the chilled glasses. Garnish each one with coffee beans if you like.']",bbc,https://www.bbcgoodfood.com/recipes/espresso-martini,https://images.immediate.co.uk/production/volatile/sites/30/2020/08/espresso-martini-f099531.jpg
aperol spritz,5 mins,2,Easy,"Get a taste of summer with our take on this classic Italian cocktail of Aperol, prosecco and soda. Try our proportions or adjust the ratio to taste","['ice', '100ml Aperol', '150ml prosecco', 'soda, to top up']","['Put a couple of cubes of ice into 2 glasses and add a 50 ml measure of Aperol to each. Divide the prosecco between the glasses and then top up with soda, if you like.']",bbc,https://www.bbcgoodfood.com/recipes/aperol-spritz,https://images.immediate.co.uk/production/volatile/sites/30/2020/08/aperol-spritz-0e58f7b.jpg
mojito recipe,5 mins,1,Easy,"Mix this classic cocktail for a party using fresh mint, white rum, sugar, zesty lime and cooling soda water. Play with the quantities to suit your taste.","['juice of 1 lime', '1 tsp granulated sugar', 'small handful mint leaves, plus extra sprig to serve', '60ml white rum', 'soda water, to taste']","['Muddle the lime juice, sugar and mint leaves in a small jug, crushing the mint as you go – you can use the end of a rolling pin for this. Pour into a tall glass and add a handful of ice.', 'Pour over the rum, stirring with a long-handled spoon. Top up with soda water, garnish with mint and serve.']",bbc,https://www.bbcgoodfood.com/recipes/mojito,https://images.immediate.co.uk/production/volatile/sites/30/2020/08/mojito-cocktails-150961e.jpg
sex on the beach cocktail,5 mins,2,Easy,Combine vodka with peach schnapps and cranberry juice to make a classic sex on the beach cocktail. Garnish with cocktail cherries and orange slices,"['ice', '50ml vodka', '25ml peach schnapps', '2 oranges, juiced, plus 2 slices to garnish', '50ml cranberry juice', 'glacé cherries, to garnish (optional)']","['Fill two tall glasses with ice cubes. Pour the vodka, peach schnapps and fruit juices into a large jug and stir.', 'Divide the mixture between the two glasses and stir gently to combine. Garnish with the cocktail cherries and orange slices.']",bbc,https://www.bbcgoodfood.com/recipes/sex-beach-cocktail,https://images.immediate.co.uk/production/volatile/sites/30/2020/08/sex_on_the_beach-621ae6e.jpg
espresso martini,5 mins,2,Easy,"Learn how to make this classic coffee cocktail. Our easy recipe uses freshly brewed espresso, a dash of coffee liqueur and a simple sugar syrup.","['For the sugar syrup', '100g golden caster sugar']","['Start by making the sugar syrup. Put the caster sugar in a small pan over a medium heat and pour in 50ml water. Stir, and bring to the boil.', 'Turn off the heat and allow the mixture to cool. Put 2 martini glasses in the fridge to chill.', 'Once the sugar syrup is cold, pour 1 tbsp into a cocktail shaker along with a handful of ice, the vodka, espresso and coffee liqueur. Shake until the outside of the cocktail shaker feels icy cold.', 'Strain into the chilled glasses. Garnish each one with coffee beans if you like.']",bbc,https://www.bbcgoodfood.com/recipes/espresso-martini,https://images.immediate.co.uk/production/volatile/sites/30/2020/08/espresso-martini-f099531.jpg
aperol spritz,5 mins,2,Easy,"Get a taste of summer with our take on this classic Italian cocktail of Aperol, prosecco and soda. Try our proportions or adjust the ratio to taste","['ice', '100ml Aperol', '150ml prosecco']",[],bbc,https://www.bbcgoodfood.com/recipes/aperol-spritz,https://images.immediate.co.uk/production/volatile/sites/30/2020/08/aperol-spritz-0e58f7b.jpg
mojito recipe,5 mins,1,Easy,"Mix this classic cocktail for a party using fresh mint, white rum, sugar, zesty lime and cooling soda water. Play with the quantities to suit your taste.","['juice of 1 lime', '1 tsp granulated sugar', 'small handful mint leaves, plus extra sprig to serve', '60ml white rum', 'soda water, to taste']","['Muddle the lime juice, sugar and mint leaves in a small jug, crushing the mint as you go – you can use the end of a rolling pin for this. Pour into a tall glass and add a handful of ice.', 'Pour over the rum, stirring with a long-handled spoon. Top up with soda water, garnish with mint and serve.']",bbc,https://www.bbcgoodfood.com/recipes/mojito,https://images.immediate.co.uk/production/volatile/sites/30/2020/08/mojito-cocktails-150961e.jpg
sex on the beach cocktail,5 mins,2,Easy,Combine vodka with peach schnapps and cranberry juice to make a classic sex on the beach cocktail. Garnish with cocktail cherries and orange slices,"['ice', '50ml vodka', '25ml peach schnapps', '2 oranges, juiced, plus 2 slices to garnish', '50ml cranberry juice', 'glacé cherries, to garnish (optional)']","['Fill two tall glasses with ice cubes. Pour the vodka, peach schnapps and fruit juices into a large jug and stir.', 'Divide the mixture between the two glasses and stir gently to combine. Garnish with the cocktail cherries and orange slices.']",bbc,https://www.bbcgoodfood.com/recipes/sex-beach-cocktail,https://images.immediate.co.uk/production/volatile/sites/30/2020/08/sex_on_the_beach-621ae6e.jpg
espresso martini,5 mins,2,Easy,"Learn how to make this classic coffee cocktail. Our easy recipe uses freshly brewed espresso, a dash of coffee liqueur and a simple sugar syrup.","['For the sugar syrup', '100g golden caster sugar']","['Start by making the sugar syrup. Put the caster sugar in a small pan over a medium heat and pour in 50ml water. Stir, and bring to the boil.', 'Turn off the heat and allow the mixture to cool. Put 2 martini glasses in the fridge to chill.', 'Once the sugar syrup is cold, pour 1 tbsp into a cocktail shaker along with a handful of ice, the vodka, espresso and coffee liqueur. Shake until the outside of the cocktail shaker feels icy cold.', 'Strain into the chilled glasses. Garnish each one with coffee beans if you like.']",bbc,https://www.bbcgoodfood.com/recipes/espresso-martini,https://images.immediate.co.uk/production/volatile/sites/30/2020/08/espresso-martini-f099531.jpg
aperol spritz,5 mins,2,Easy,"Get a taste of summer with our take on this classic Italian cocktail of Aperol, prosecco and soda. Try our proportions or adjust the ratio to taste","['ice', '100ml Aperol', '150ml prosecco', 'soda, to top up']","['Put a couple of cubes of ice into 2 glasses and add a 50 ml measure of Aperol to each. Divide the prosecco between the glasses and then top up with soda, if you like.']",bbc,https://www.bbcgoodfood.com/recipes/aperol-spritz,https://images.immediate.co.uk/production/volatile/sites/30/2020/08/aperol-spritz-0e58f7b.jpg
easy sangria,10 mins,6,Easy,"Embrace balmy summer days with a jug of sangria. With red wine, Spanish brandy, sparkling water, cinnamon and chopped fruit, it's a lovely sharing cocktail","['2 oranges , chopped', '2 pears , chopped', '2 lemons , 1 chopped, 1 juiced', '200g red berries , chopped (we used strawberries and cherries)', '3 tbsp caster sugar', '1 tsp cinnamon', 'ice', '750ml bottle light red wine', '100ml Spanish brandy', '300ml sparkling water']","['Put the chopped fruit in a bowl and sprinkle over the sugar and cinnamon, then stir to coat. Cover and leave to macerate in the fridge for at least 1 hr, or ideally overnight.', 'Fill a large jug with ice. Stir the macerated fruit mixture to ensure the sugar is dissolved, then tip into the jug with the wine and brandy. Stir, then top up with the sparkling water and serve.']",bbc,https://www.bbcgoodfood.com/recipes/sangria,https://images.immediate.co.uk/production/volatile/sites/30/2020/08/sangria-new-crop-8fbb7a1.jpg
singapore sling,5 mins,1,Easy,"Mix gin with cherry brandy, Benedictine, Angostura bitters, pineapple and lime juice to make this classic cocktail. Garnish with pineapple and a cherry","['25ml dry gin', '25ml cherry brandy', '25ml Benedictine', 'handful of ice, to serve', 'few drops Angostura bitters', '50ml pineapple juice', '25ml lime juice', 'sparkling water to top up']","['Pour the gin, cherry brandy and Benedictine into a mixing glass or a jug. Add the ice and Angostura bitters. Stir well until the outside of the glass feels cold.', 'Pour the mix into a tall glass, then add the pineapple juice and lime juice and stir gently. Top up with sparkling water and garnish.']",bbc,https://www.bbcgoodfood.com/recipes/singapore-sling,https://images.immediate.co.uk/production/volatile/sites/30/2020/08/singapore-sling-37315fa.jpg
vodka martini,5 mins,1,Easy,Make an easy vodka martini with our simple recipe for an elegant party tipple. Serve your cool cocktail with an olive or a twist of lemon peel,"['60ml vodka', '1 tbsp dry vermouth', 'olive or lemon peel, to garnish']","['Stir the vodka, dry vermouth and a little ice together or put them in a cocktail shaker to combine.', 'Strain into a chilled martini glass. Serve with an olive on a cocktail stick or a twist of lemon peel.']",bbc,https://www.bbcgoodfood.com/recipes/vodka-martini,https://images.immediate.co.uk/production/volatile/sites/30/2020/08/vodka-martini-recipe-d7e9995.jpg
mudslide,5 mins,2,Easy,"Share this creamy adults-only drink with the chocolate lover in your life. For extra indulgence, grate over some chocolate before serving","['50g dark chocolate', 'ice', '60ml coffee-flavoured liqueur', '60ml vodka', '60ml Irish cream liqueur', '100ml double cream']","[""Put two small tumblers in the fridge to chill overnight. Put 30g of the chocolate in a shallow bowl and melt in the microwave in short bursts. Dip the rim of the chilled glasses in the melted chocolate, then stand them upright so it gradually drips down the sides. Return to the fridge until you're ready to serve. "", 'Fill a cocktail shaker with ice, then pour in the coffee-flavoured liqueur, vodka, Irish cream liqueur and double cream. Shake until the outside of the shaker is very cold. ', 'Put a few ice cubes in the prepared glasses, then strain in the cocktail. Finely grate over the remaining chocolate and serve with a paper straw. ']",bbc,https://www.bbcgoodfood.com/recipes/mudslide,https://images.immediate.co.uk/production/volatile/sites/30/2020/08/mudslide-b38f145.jpg
palomezcal,5 mins,1,Easy,"Try a twist on one of Mexico's favourite cocktails using mezcal instead of tequila for a refreshing, summery sipper","['lime juice (optional)', '50ml espadin mezcal', '30ml fresh grapefruit juice', '10ml agave syrup', 'ice', 'soda water']","[""If you're choosing to salt the rim of your glass like a classic margarita, dip the rim in a saucer of lime juice, followed by a saucer of sea salt."", 'Put all the ingredients except the soda water into a cocktail shaker, fill with ice and give it a good shake.', 'Strain into a tall collins glass over fresh ice and top with soda water and a slice of grapefruit to garnish.']",bbc,https://www.bbcgoodfood.com/recipes/palomezcal,https://images.immediate.co.uk/production/volatile/sites/30/2021/03/palomezcal-bf0600b.jpg
pink gin iced tea,15 mins,6,Easy,"Blend pink gin with iced tea and you have this unique cocktail, made with spiced rum, elderflower and pink grapefruit. Serve in a jug for a sharing cocktail ","['1 chamomile tea bag', '100ml pink gin', '100ml spiced rum', '100ml elderflower cordial', '100ml pink grapefruit juice', 'ice', 'thyme sprigs, to garnish']","['Brew the chamomile tea bag with 500ml boiling water, steep for 2-3 mins or following pack instructions. Remove the bag and leave to cool for 5 mins. ', 'Pour into a large jug with the pink gin, rum, elderflower cordial and juice. Add ice and stir, then add the thyme sprigs and stir again before serving. ']",bbc,https://www.bbcgoodfood.com/recipes/pink-gin-iced-tea,https://images.immediate.co.uk/production/volatile/sites/30/2020/08/gin_iced_tea-7addd18.jpg
hurricane cocktail,5 mins,2,Easy,"Our tropical, rum-based hurricane cocktail is easy to make and sure to get your party started. Garnish with orange and cocktail cherries for a kitsch touch","['50ml dark rum', '50ml white rum', '1 passion fruit', '1 orange , juiced', '1 lemon , juiced', '50ml sugar syrup', '2 tsp grenadine']","['Fill a cocktail shaker with ice then add the rums. Scoop the flesh and seeds from the passion fruit and add to the shaker along with the orange and lemon juices, sugar syrup and grenadine. ', 'Shake well until the outside of the cocktail shaker feels icy cold. Fill two hurricane glasses with fresh ice then double strain the drink into the prepared glasses.', 'Garnish each one with an orange slice skewered onto a cocktail stick and a couple of cocktail cherries. ']",bbc,https://www.bbcgoodfood.com/recipes/hurricane-cocktail,https://images.immediate.co.uk/production/volatile/sites/30/2020/08/hurricane-62b2c43.jpg
pink negroni,5 mins,1,Easy,"Go pink with this fabulous cocktail flavoured with pink gin, rose vermouth and Aperol. Garnish with a wedge of pink grapefruit and a basil leaf to serve","['35ml pink gin', '25ml rose vermouth , or sweet white vermouth', '15ml Aperol', 'ice', 'wedge of pink grapefruit and a basil leaf, to garnish']","['Combine the pink gin, vermouth and Aperol in a tumbler with a small handful of ice. Stir until the outside of the glass feels cold. ', 'Garnish with a wedge of pink grapefruit and a basil leaf.']",bbc,https://www.bbcgoodfood.com/recipes/pink-negroni,https://images.immediate.co.uk/production/volatile/sites/30/2020/08/classic-negroni-dfc0ca9.jpg
jessica rabbit cocktail,5 mins,1,Easy,"Plenty of fresh ingredients lift this simple mezcal cocktail to create a sweet, light and wonderfully balanced drink","['2 strawberries', '2 cherry tomatoes, plus 1 extra, to garnish', '10ml agave syrup', '20ml fresh lime juice', '30ml espadin mezcal', '20ml blanco tequila', '20ml pineapple juice', 'ice', 'fresh mint sprig, to garnish']","['Put the strawberries, tomatoes, agave and lime juice in the bottom of a cocktail shaker and muddle together. Add the mezcal, tequila and pineapple juice and fill with ice.', 'Shake hard to create a nice foam head on the drink and fine strain into a martini glass or coupette. Garnish with a mint sprig inserted into a cherry tomato.']",bbc,https://www.bbcgoodfood.com/recipes/jessica-rabbit-cocktail,https://images.immediate.co.uk/production/volatile/sites/30/2021/03/jessica-rabbit-f053c39.jpg
sidecar,5 mins,1,Easy,"Try your hand at recreating a classic 1920s cocktail, the sidecar. It's easy to adapt – simply use cognac, or go with equal parts cognac, triple sec and lemon juice","['50ml cognac', '25ml triple sec', '25ml lemon juice', 'handful of ice']","['Put a coupe glass in the fridge to chill. Tip all of the ingredients into a cocktail shaker.', 'Shake well, until the outside of the shaker feels cold, then strain the cocktail into the chilled glass. If the lemon juice is too sharp, add the bitters to taste.']",bbc,https://www.bbcgoodfood.com/recipes/sidecar,https://images.immediate.co.uk/production/volatile/sites/30/2020/08/sidecar-cocktail-79241f4.jpg
sweet manhattan cocktail,5 mins,1,Easy,"If you're a whiskey lover, you'll love this sweet manhattan, made with whiskey, vermouth and bitters. Serve with a maraschino cherry and a twist of lemon","['50ml bourbon or rye whiskey', '25ml rosso vermouth', '5ml syrup from a jar of maraschino cherries (we used Luxardo)', '2 dashes Angostura bitters', 'ice']","['Stir the ingredients with ice in a mixing glass, then strain into a cocktail glass. Garnish and serve.']",bbc,https://www.bbcgoodfood.com/recipes/sweet-manhattan-cocktail,https://images.immediate.co.uk/production/volatile/sites/30/2020/08/manhattan-cocktail-4d775c9.jpg
dizzy mezcal,5 mins,1,Easy,Pairing fresh cucumber and lemon with a smoky mezcal and herbal anise creates the perfect balance for this deliciously complex cocktail,"['2.5cm piece cucumber, plus cucumber peel, to garnish', '15ml lemon juice', '15ml agave syrup', '10ml absinthe', '40ml La Medida Espadin mezcal', 'ice']","['Put the cucumber, lemon juice, agave and absinthe into the bottom of a cocktail shaker and muddle together. Add the mezcal, fill the shaker with ice and give it a good shake.', 'Strain the drink through a fine strainer into a martini glass or coupette. Garnish with a twist of cucumber peel.']",bbc,https://www.bbcgoodfood.com/recipes/dizzy-mezcal,https://images.immediate.co.uk/production/volatile/sites/30/2021/03/dizzy-mezcal-d2ab56c.jpg
blueberry mojito,5 mins,6,Easy,Sip our refreshing blueberry mojito when the sun starts to shine. This easy cocktail can be mixed up in minutes with a handful of ingredients,"['100g blueberries', '3 lemons , chopped', '2 tbsp granulated sugar', '2 mint sprigs , leaves picked', '350ml white rum', '600ml sparkling water']","['Put the blueberries, lemons and sugar in a jug and muddle. Bruise the mint leaves and add them to the jug with lots of ice. Pour over the rum and sparkling water and stir together.']",bbc,https://www.bbcgoodfood.com/recipes/blueberry-mojito,https://images.immediate.co.uk/production/volatile/sites/30/2020/08/blueberry-mojito-519d9f4.jpg
easy bloody mary,5 mins,1,Easy,"Mix together tomato juice, amontillado sherry, vodka and sherry vinegar to make a bloody mary cocktail. Season to suit with Tabasco and Worcestershire sauce","['small handful ice', '200ml tomato juice', '50ml vodka', '2 tbsp amontillado sherry', '1 tsp sherry vinegar , or to taste', 'pinch celery salt', 'Worcestershire sauce , to taste', 'Tabasco , to taste', 'squeeze of lemon juice', 'celery sticks and lemon wedges, to serve (optional)']","['Put the ice in a tall glass. Pour over the tomato juice, vodka, amontillado and sherry vinegar. Stir in the celery salt, then season to taste with the Worcestershire sauce, Tabasco and lemon juice. Taste again to see if more sherry vinegar is needed. ', 'Serve with celery sticks, lemon wedges and a sprinkle of freshly ground black pepper, if you like.']",bbc,https://www.bbcgoodfood.com/recipes/easy-bloody-mary,https://images.immediate.co.uk/production/volatile/sites/30/2020/08/dianas-bloody-mary-abda74f.jpg
hugo cocktail,5 mins,1,Easy,"Refreshing, floral and herbal, the hugo cocktail is perfect for warm summer evenings. Make this simple spritz with prosecco and a dash of gin","['small handful of mint leaves, plus 1 mint sprig to garnish', '20ml elderflower cordial', '20ml gin (see tip below)', 'ice', '25ml soda water', '120ml prosecco', '1 lime wedge, to garnish']","['Gently scrunch the mint in your hands to lightly bruise it, then put in the bottom of a large wine glass. Pour over the elderflower cordial and gin and leave to infuse for 1-2 mins.', 'Fill the glass with ice, then pour over the soda water and prosecco. Stir gently to combine. Garnish with the lime wedge and mint sprig before serving.']",bbc,https://www.bbcgoodfood.com/recipes/hugo-cocktail,https://images.immediate.co.uk/production/volatile/sites/30/2021/05/hugo-cocktail-2956cdd.jpg
mango & pineapple mojito,5 mins,6,Easy,"Give your favourite classic cocktail a tropical twist with our mango and pineapple mojito. This vibrant, fruity drink is perfect for summer party season","['50g pineapple pieces', '50g chopped mango', '3 limes , chopped', '2 tbsp light brown soft sugar', '2 mint sprigs , leaves picked', 'ice', '150ml white rum', '200ml pineapple rum', '600ml sparkling water']","['Tip the pineapple, mango, limes and sugar into a large jug and muddle together. Bruise and add the mint leaves, then top with ice. Stir in the white rum, pineapple rum and sparkling water.']",bbc,https://www.bbcgoodfood.com/recipes/mango-pineapple-mojito,https://images.immediate.co.uk/production/volatile/sites/30/2020/08/mango-and-pineapple-mojito-15b1c1a.jpg
strawberry mojito,5 mins,6,Easy,"Mix up a refreshing strawberry mojito to sip in the summer sun. This easy, fruity cocktail is perfect for barbecue season or a relaxed party with friends","['9-10 strawberries', '2 limes , chopped', '2 tbsp granulated sugar', '2 mint sprigs , leaves picked', 'ice', '350ml white rum', '600ml sparkling water']","['Muddle the strawberries, limes and sugar in a large jug. Bruise the mint leaves and add to the jug with a pinch of black pepper. Add lots of ice and stir in the rum and sparkling water.']",bbc,https://www.bbcgoodfood.com/recipes/strawberry-mojito,https://images.immediate.co.uk/production/volatile/sites/30/2020/08/strawberry-mojito-99f1388.jpg
cosmopolitan cocktail,5 mins,1,Easy,"Lipsmackingly sweet and sour, the Cosmopolitan cocktail of vodka, cranberry, orange liqueur and citrus is a good-time in a glass. Perfect for a party","['45ml lemon vodka', '15ml triple sec', '30ml cranberry juice', '10ml lime juice', 'ice']","['Shake ingredients in a cocktail shaker with ice and strain into a cocktail glass.', 'To make the garnish: hold a 3cm round piece of orange zest about 10cm above your cosmo and very carefully wave it over a lit match or lighter flame. Bend the outer edge of the zest in towards the flame so that the orange oils are released, then drop the zest into your drink.']",bbc,https://www.bbcgoodfood.com/recipes/cosmopolitan-cocktail,https://images.immediate.co.uk/production/volatile/sites/30/2020/08/cosmopolitan-7a6874f.jpg
frozen margarita,5 mins,1,Easy,Cool off this summer with our super-simple frozen margarita recipe. This refreshing tequila cocktail can be made in just five minutes in a blender,"['50ml tequila', '25ml triple sec (we used Cointreau)', '25ml lime juice', ""15ml sugar syrup (see 'Goes well with' below)"", 'large handful of ice', 'wedge of lime , to garnish']","['Put all the ingredients except the lime wedge in a blender and blitz until smooth. Tip into a cocktail, margarita or rocks glass, garnish and serve.']",bbc,https://www.bbcgoodfood.com/recipes/frozen-margarita,https://images.immediate.co.uk/production/volatile/sites/30/2020/08/frozen-margarita-e3ddfe9.jpg
black russian cocktail,5 mins,1,Easy,"A classic black russian cocktail is made with vodka, coffee liqueur and cola. Garnish with a maraschino cherry and serve as a decadent after-dinner drink","['50ml vodka', '25ml coffee liqueur', 'ice', '1 maraschino cherry', 'cola to top up, chilled (optional)']",['Put the vodka and the coffee liqueur into a tumbler filled with ice and stir gently for 30 secs - 1min. Add the cherry and serve. Top with a splash of chilled cola if you prefer a longer drink.'],bbc,https://www.bbcgoodfood.com/recipes/black-russian-cocktail,https://images.immediate.co.uk/production/volatile/sites/30/2017/09/black-russian-cocktail-e89ea42.jpg
passion fruit martini,5 mins,2,Easy,This easy passion fruit cocktail is bursting with zingy flavours and is perfect for celebrating with friends. Top with prosecco for a special drink,"['2 ripe passion fruits (they should have a crinkly appearance), halved', '60ml vanilla vodka', '30ml passoa', '1 tbsp lime juice', '1 tbsp sugar syrup', 'prosecco , to serve']","['Scoop the seeds from one of the passion fruits into the glass of a cocktail shaker, add the vodka, passoa, lime juice and sugar syrup. Add a handful of ice and shake well, strain into 2 martini glasses, top up with prosecco, then add half a passion fruit to each. Serve immediately.']",bbc,https://www.bbcgoodfood.com/recipes/passionfruit-pornstar-martini,https://images.immediate.co.uk/production/volatile/sites/30/2020/08/passionfruit-pornstar-martini-df3bbfb.jpg
cuba libre,5 mins,1,Easy,"A classic Cuban cocktail of rum, cola, lime and ice. Pour into a tall glass for the ultimate refreshing long cocktail","['½ lime', '50ml rum , we used white rum', '100ml cola', 'ice']",['Cut ½ a lime into four small wedges. Squeeze the juice from two of the wedges into a tall glass. Drop the remaining wedges into the glass and fill with ice. Pour in the rum then fill up with cola and stir gently. '],bbc,https://www.bbcgoodfood.com/recipes/cuba-libre,https://images.immediate.co.uk/production/volatile/sites/30/2020/08/cuba-libre-f5.6-6f69031.jpg
gimlet cocktail,5 mins,doubled),Easy,"Make a classic gimlet, combining gin and lime syrup, stirred to the perfect dilution with lots of ice. A refreshing cocktail to enjoy with friends","['50ml homemade lime syrup (see recipe, below) or lime cordial', 'ice', '50ml London dry gin', 'slice of lime and an edible flower, to garnish (optional)']","['Put a martini or coupe glass in the fridge to chill.', 'Pour 50ml of the lime syrup (see recipe, below) or cordial into a jug or tall glass and add a few ice cubes and the gin. Stir until the outside of the container feels very cold.', 'Strain the mixture into your chilled glass and garnish with a slice of lime and an edible flower.', 'For the homemade lime syrup, put the lime zest into a saucepan. Squeeze the juice from both limes into a measuring jug – stop when you get to about 60ml, then top it up with water so you have 100ml of liquid in total. Pour this into your pan with the caster sugar. Heat very gently, stirring occasionally just until the sugar has dissolved, but don’t let it boil. Strain the mixture into a heatproof jug and leave to cool. Makes 280-300ml. Lasts up to two weeks.']",bbc,https://www.bbcgoodfood.com/recipes/gimlet-cocktail,https://images.immediate.co.uk/production/volatile/sites/30/2020/08/gimlet-d8b20bd.jpg
earl grey martini,5 mins,700ml,Easy,This delicious twist on a martini is made with just three ingredients and takes minutes to make. The bergamot oil in the Earl Grey gives a lovely citrus hit,"['1 tbsp good loose-leaf Earl Grey tea', '700ml bottle of decent gin', 'ice']","['Put the Earl Grey tea in a large jug. Pour the gin over and stir with a long-handled spoon for about 45 secs.', 'Strain the gin through a tea strainer over a funnel back into the bottle. You’ll see small particles of leaf still suspended in the gin. Rinse out the jug and, using a coffee filter or some muslin inside the funnel, strain the gin a second time to remove all the particles. In this way, the gin will be stable and the flavour won’t change – it’ll be good for months and months until the final sip.', 'To serve, shake or stir over ice – I like how the flavours change as the drink dilutes.']",bbc,https://www.bbcgoodfood.com/recipes/earl-grey-martini,https://images.immediate.co.uk/production/volatile/sites/30/2020/08/earl-grey-martini-d966b7e.jpg
salted caramel pecan sour,15 mins,6,More effort,"A modern version of the classic sour cocktail, this is the ultimate Christmas drink. Salted caramel and Icelandic vodka make an irresistible mix","['100g pecans , finely chopped', '160g golden caster sugar', '½ tsp sea salt flakes', 'Reyka vodka', '3 egg whites', '120ml fresh clementine juice (about 2-3 clementines)', '18 drops chocolate bitters (we used Fee brothers Aztec chocolate bitters)', 'ice', '6 dehydrated orange slices , to serve', 'good grating of nutmeg , to serve']","['Toast the pecans in a dry saucepan for 1-2 mins, then take off the heat. Quickly add the sugar and 80ml water, stir rapidly to dissolve the sugar, add the salt, then leave the mixture to cool completely. Pour through a sieve to remove the pecans.', 'Pour the pecan salted caramel syrup, vodka, egg whites, clementine juice and bitters into a cocktail shaker. Shake hard for 30 secs to add volume to the egg white. Add some ice and shake again for a further 15 secs, then strain into rocks or coupe glasses. Garnish each with a dehydrated orange slice and grate fresh nutmeg over, to taste. Serve immediately.']",bbc,https://www.bbcgoodfood.com/recipes/salted-caramel-pecan-sour,https://images.immediate.co.uk/production/volatile/sites/30/2020/08/salted-caramel-pecan-sours-7a078e5.jpg
dark & stormy coffee cocktail,5 mins,1,Easy,Are you a die-hard fan of a dark and stormy? Twist up a classic cocktail with a dash of freshly brewed espresso to pair with traditional ginger beer,"['25ml dark rum', '25ml tequila', 'ice', 'ginger beer', '2 tbsp freshly brewed espresso']",['Fill a highball glass with ice and pour in the rum and tequila. Stir then top with ginger beer. Slowly pour in the espresso.'],bbc,https://www.bbcgoodfood.com/recipes/stormy-caffeinated,https://images.immediate.co.uk/production/volatile/sites/30/2020/08/stormy-and-caffeinated-bb69ee8.jpg
bergamot mojito,20 mins,6,Easy,"Perfumed bergamot zest and juice are combined with rum, mint, lime and sugar in a twist on the standard mojito - serve at a dinner party as guests arrive","['300g golden caster sugar', '12 mint leaves', '6 limes , juiced', '1 bergamot , zested and juiced (available from ocado.com)', '150ml golden rum']","['Mix the sugar with 1 ltr water in a medium saucepan. Bring to the boil, then cool to room temperature.', 'Blend the mint, lime juice and bergamot zest and juice in a food processor, then add the cooled syrup and blend until combined. Pour into a plastic container and freeze, stirring with a fork every 30 mins until frozen.', 'To serve, scoop the granita into chilled glasses and pour the rum over.']",bbc,https://www.bbcgoodfood.com/recipes/bergamot-mojito,https://images.immediate.co.uk/production/volatile/sites/30/2020/08/bergamot-mojito-f83dc95.jpg
long island iced tea,5 mins,4,Easy,"Mix a jug of this classic cocktail for a summer party. It's made with equal parts of vodka, gin, tequila, rum and triple sec, plus lime, cola and plenty of ice","['50ml vodka, vanilla vodka works well', '50ml London dry gin', '50ml reposado tequila', '50ml rum', '50ml triple sec', '50-100ml fresh lime juice', 'ice', '500ml cola', '2 limes, cut into wedges']","['Pour the vodka, gin, tequila, rum and triple sec into a large (1.5l) jug, and add lime juice to taste. Half fill the jug with ice, then stir until the outside feels cold.', 'Add the cola then stir to combine. Drop in the lime wedges.', 'Fill 4 tall glasses with more ice cubes and pour in the iced tea.']",bbc,https://www.bbcgoodfood.com/recipes/long-island-iced-tea,https://images.immediate.co.uk/production/volatile/sites/30/2020/08/long_island_iced_tea_cocktail-c97bd56-scaled.jpg
coco fizz,5 mins,1,Easy,Spruce up the classic coconut and rum combination with a dash of Prosecco and a squeeze of lime for a festive cocktail you can shake up in seconds,"['25ml coconut rum', '50ml coconut water', 'juice of ½ lime', 'ice', '50ml prosecco']","['Put the coconut rum, coconut water and lime juice into a cocktail shaker, add ice and shake until the outside of the shaker is icy-cold to the touch. Strain into a chilled coupe glass, top with the Prosecco and serve.']",bbc,https://www.bbcgoodfood.com/recipes/coco-fizz,https://images.immediate.co.uk/production/volatile/sites/30/2020/08/cocktails-coco-fizz12521-ae3a364.jpg
sloe gin cocktail,10 mins,1,Easy,"This autumnal hedgerow cocktail has a blend of botanical notes from the gin, infused with a juniper syrup, which makes for a sweet-sharp tipple","['50ml sloe gin', '25ml lemon juice', '25ml gin', 'ice (crushed and cubes)']","['Start by making the juniper syrup. Put the sugar in a small saucepan, then add 100ml water and the juniper berries. Bring to the boil, then take off the heat and gently squash the berries in the liquid using a potato masher. Leave to steep until completely cold, then strain into a sterilised bottle or jar. Will keep in the fridge for up to 2 weeks.', 'Put the sloe gin, lemon juice, gin and 2 tsp of the syrup in a cocktail shaker with a few ice cubes. Shake well and strain into a tumbler filled with crushed ice. Serve immediately.']",bbc,https://www.bbcgoodfood.com/recipes/sloe-gin-cocktail,https://images.immediate.co.uk/production/volatile/sites/30/2020/08/sloe-gin-cocktail-b13c16a.jpg
summer punch,10 mins,8,Easy,"A simple, refreshing drink that's perfect for a summery gathering. For an extra-special twist, swap the sparkling water for champagne","['125ml lemon juice', '50g caster sugar', '250ml elderflower liqueur', '250ml vodka', '500ml apple juice (Bradley is best if you like it sharp)', '125ml sparkling water', 'ice', 'fresh summer herbs like lemon verbena, mint and basil (optional)', 'lemon slices (optional)']","['In a bowl, mix the lemon juice and sugar until the sugar dissolves. Transfer into a large serving bowl, add the other liquid ingredients, fill to the top with ice and stir gently. Serve immediately, with herbs and lemon slices, if you like.', 'In a bowl, mix the lemon juice and sugar until the sugar dissolves. Transfer into a large serving bowl, add the other liquid ingredients, fill to the top with ice and stir gently. Serve immediately, with herbs and lemon slices, if you like.']",bbc,https://www.bbcgoodfood.com/recipes/wilhelminas-punch,https://images.immediate.co.uk/production/volatile/sites/30/2020/08/wilhelminas-punch-8199dac.jpg
courgette martini,10 mins,1,Easy,"Courgette and martini may seem unlikely bedfellows, but blended with lemon and shots of gin and vermouth, this is a delicious take on a cocktail classic","['1 courgette , coarsely grated', 'juice 2 lemons', '2 tbsp caster sugar', '25ml vermouth', '50ml gin', 'ice', 'mint leaf to garnish']","['Mix the courgette with the lemon juice and sugar and leave to steep for 1 hr. In the meantime, place a martini glass in the fridge to chill.', 'Strain the courgette mixture through a sieve into a jug. Fill a cocktail shaker with ice then add 25ml of the courgette syrup followed by the vermouth and gin. Stir gently a few times then strain into your chilled glass. Garnish with a mint leaf and serve.']",bbc,https://www.bbcgoodfood.com/recipes/courgette-martini,https://images.immediate.co.uk/production/volatile/sites/30/2020/08/courgette-martini-cba18e8.jpg
apple prosecco punch,5 mins,10,Easy,Spritz up a basic apple cocktail with a dash of prosecco and a splash of vodka,"['400ml cloudy apple juice', '200ml vodka', 'juice 2 lemons', '750ml prosecco', 'ice', '1 green apple , cored and finely sliced', '1 lemon , sliced']","['Pour the apple juice, vodka and lemon juice into a punch bowl and chill for 1-2 hrs.', 'When you’re ready to serve add the prosecco, ice and apple and lemon slices to garnish.']",bbc,https://www.bbcgoodfood.com/recipes/apple-prosecco-punch,https://images.immediate.co.uk/production/volatile/sites/30/2020/08/apple-prosecco-punch-d53f55e.jpg
marzipan old fashioned,5 mins,1,Easy,Enjoy the flavours of simnel cake in this special spring-inspired old fashioned cocktail with marzipan flavours – garnish with an orange peel twist for citrussy notes,"['25ml amaretto', '1 tsp sugar syrup', 'few dashes of orange bitters', '1-2 drops of almond essence', 'ice', '25ml brandy', 'orange peel twist, to garnish']","['Tip the amaretto, sugar syrup, bitters and almond essence into a cocktail mixing glass or jug. Add a few ice cubes and slowly stir with a mixing spoon until the outside of the glass feels cold. Pour in the brandy and add a few more ice cubes, then stir until just combined.', 'Strain the drink into an ice-filled rocks glass or tumbler and garnish with an orange peel twist.']",bbc,https://www.bbcgoodfood.com/recipes/marzipan-old-fashioned,https://images.immediate.co.uk/production/volatile/sites/30/2022/03/Marzipan-old-fashioned-f7e2c1a.jpg
"cucumber, mint & melon punch",25 mins,12,Easy,"A fruity, minty, refreshing punch for a summer party. The mix of juicy honeydew, cantaloupe and watermelon chunks make this the ultimate cooler to beat the heat","['1 large cucumber , peeled and chopped into small chunks', 'small bunch mint , leaves picked', '500ml vodka', 'juice 6 lime , plus wedges to serve', '200g white caster sugar', '1-2 small melons (we used 1/2 honeydew, 1/2 cantaloupe and 1/2 watermelon)', '1l sparkling water , chilled']","['Put the cucumber and half the mint in a large bowl or jug, and pour over the vodka. Cover and leave to steep for at least 24 hrs or for up to 1 week in the fridge, stirring every few days. Strain through a fine sieve.', 'Pour the vodka, lime juice and sugar into a larger jug. Stir well.', 'Using a melon baller, scoop out as many melon balls as you can. Add them to the jug and leave to steep for 30 mins-1 hr in the fridge. Top up with sparkling water and add the remaining mint leaves just before serving with extra lime wedges.']",bbc,https://www.bbcgoodfood.com/recipes/cucumber-mint-melon-punch,https://images.immediate.co.uk/production/volatile/sites/30/2020/08/cucumber-mint-melon-punch-bdfc7f1.jpg
melon & cucumber punch,10 mins,15,Easy,"Perfectly ripe Galia melon, orange liqueur and Pimm's pump this punch with summery flavour","['1 Galia melon', 'juice 1 lemon', ""100ml Pimm's"", '50ml orange liqueur (we used Cointreau)', '750ml white wine', '½ cucumber , sliced', 'small bunch mint', '300ml sparkling water or sparkling wine', 'ice']","[""Cut the melon in half and scoop out and discard the seeds. Using a melon baller cut the fruit into spheres and place in a large punch bowl. Add the lemon juice, Pimm's, orange liqueur and white wine then chill in the fridge for 1-2 hrs."", 'To serve, add the cucumber pieces, mint sprigs and top with sparkling water and ice.']",bbc,https://www.bbcgoodfood.com/recipes/melon-cucumber-punch,https://images.immediate.co.uk/production/volatile/sites/30/2020/08/melon-cucumber-punch-da7659a.jpg
frozen caipirinha,10 mins,4,Easy,Cool down with this frozen spin on the classic Brazilian Caipirinha. The secret is squeezing as much lime into the sugar as you can,"['2 limes , halved', '6 tbsp golden granulated sugar', '400g ice', '200ml cachaça']","['Cut each of the lime halves into four chunks. Put in a large mortar with the sugar and squish well with a pestle to break them down – they will release their juices, leaving you with a sweet lime syrup. Remove the lime peel, squeeze to release the last bits of juice, then discard. Transfer the lime syrup to a small plastic container and freeze for at least 4 hrs, ideally overnight.', 'When you’re ready to make the cocktail, put the ice in a blender suitable for crushing ice, then add the frozen syrup and cachaça. Blend at a high speed until smooth and thick. Transfer to cocktail glasses or tumblers and serve immediately.']",bbc,https://www.bbcgoodfood.com/recipes/frozen-caipirinha,https://images.immediate.co.uk/production/volatile/sites/30/2020/08/frozen-caipirinha-9288e31.jpg
frozen strawberry daiquiri,10 mins,2,Easy,This slushy cocktail is best made when strawberries are in season and at their ripest. With just four ingredients you can whip up this thirst quencher in 10 minutes.,"['500g strawberries, hulled', '200g ice', '100ml rum', 'juice 1/2 lime', '1-2 tbsp sugar syrup, optional']","['Blend the strawberries then push the resulting puree through a sieve to remove some of the seeds. Tip the sieved puree into the blender again and add the ice, rum, 1-2 tbsp sugar syrup depending on how sweet you like your drinks and lime juice. Blend again and divide the mixture between 2 Martini glasses.', 'Thread the lime slices and strawberry halves onto the cocktail sticks and place onto the edge of the glass, serve immediately.']",bbc,https://www.bbcgoodfood.com/recipes/frozen-strawberry-daiquiri,https://images.immediate.co.uk/production/volatile/sites/30/2020/08/frozen-strawbz-329b8e5.jpg
rhubarb gin,10 mins,2,Easy,"Use seasonal rhubarb to make this G&T-with-a-difference, or top the finished gin with soda water for a refreshing and gloriously pink summertime drink","['1kg pink rhubarb stalks', ""400g caster sugar (don't use golden - it muddies the colour)"", '800ml gin']","['Wash the rhubarb, trim the stalks and discard the base and any leaves. Cut the stalks into 3cm lengths. Put in a large jar with the sugar. Shake everything around, put the lid on and leave overnight. The sugar will draw the juice out of the rhubarb.', 'After 24 hrs, add the gin, seal and shake everything around. Leave for about 4 weeks before drinking. You can strain the liquor off through a muslin-lined sieve and transfer to a bottle, but I often just leave the rhubarb and booze in the jar and ladle it into drinks that way. Over time the rhubarb and the gin go a much paler colour – this doesn’t look as dramatic. The upside is you that have to get through it fairly quickly!']",bbc,https://www.bbcgoodfood.com/recipes/rhubarb-gin,https://images.immediate.co.uk/production/volatile/sites/30/2020/08/rhubarb-gin-93e56de.jpg
elderflower & herb cooler,10 mins,4,Easy,Make the perfect spring cocktail with a spritz of elderflower and beautiful edible flowers to finish,"['2 thyme sprigs , leaves only', '2 rosemary sprigs, leaves only', '8 edible flowers (such as pansies, rose petals and borage)', '50ml elderflower cordial', '150ml elderflower liqueur', '150ml gin', 'ice', '330ml can sparkling water']","['Pop the herbs and flowers into the holes of an ice cube tray, fill with water and freeze for 2-3 hrs or until frozen solid.', 'Pour the elderflower cordial, elderflower liqueur, gin and a large handful of ice cubes into a large jug. Stir until the outside of the jug feels cold then strain into 4 tall glasses or champagne flutes. Top with the soda and add a few more ice cubes and the floral ones too. Serve immediately.']",bbc,https://www.bbcgoodfood.com/recipes/elderflower-herb-cooler,https://images.immediate.co.uk/production/volatile/sites/30/2020/08/elderflower-73f55b4.jpg
bloody mary recipe,5 mins,2,Easy,Learn how to make the ultimate bloody mary with our easy recipe. Turn up the Tabasco spice or dial it down to mix this classic vodka cocktail to your taste,"['large handful of ice', '100ml vodka', '500ml tomato juice', '1 tbsp lemon juice, plus 2 slices to serve', 'few shakes Worcestershire sauce', 'few shakes Tabasco (smoked Tabasco is nice)', 'pinch celery salt', 'pinch black pepper', '2 celery sticks, to serve']","['Place the ice in a large jug. Measure the vodka, tomato juice and lemon juice and pour it straight onto the ice.', 'Add 3 shakes of Worcestershire sauce and Tabasco (or more if you like it very spicy) and a pinch of celery salt and pepper. Stir until the outside of the jug feels cold, then strain the cocktail into 2 tall glasses.', 'Top up with fresh ice, add a celery stick and lemon slice to both glasses and enjoy.']",bbc,https://www.bbcgoodfood.com/recipes/bloody-mary,https://images.immediate.co.uk/production/volatile/sites/30/2020/08/bloody-mary-a2983ba.jpg
old fashioned,5 mins,1,Easy,"A traditional whisky cocktail with bitters, soda water and a simple orange garnish. Serve in a tumbler with plenty of ice","['2 tsp sugar syrup or 1 tsp granulated sugar', '1-2 dashes Angostura bitters', 'splash of water', '60ml Scotch whisky or bourbon', 'soda water (optional)', 'orange slice', 'maraschino cherry (optional)']","['Put the sugar, bitters and water in a small tumbler. Mix until the sugar dissolves if using granulated. Fill your glass with ice and stir in the whisky. Add a splash of soda water if you like and mix. Garnish with the orange and cherry.']",bbc,https://www.bbcgoodfood.com/recipes/old-fashioned,https://images.immediate.co.uk/production/volatile/sites/30/2020/08/old-fashioned-5a4bab5.jpg
piña colada,5 mins,1,Easy,"A tropical blend of rich coconut cream, white rum and tangy pineapple – serve with an umbrella for kitsch appeal","['120ml pineapple juice', '60ml white rum', '60ml coconut cream', 'wedge of pineapple, to garnish (optional)']",['Pulse all the ingredients along with a handful of ice in a blender until smooth. Pour into a tall glass and garnish as you like.'],bbc,https://www.bbcgoodfood.com/recipes/pina-colada,https://images.immediate.co.uk/production/volatile/sites/30/2013/11/pina-colada-c68aca7.jpg
rhubarb & custard cocktail,25 mins,4,Easy,An elegant vodka-based drink that'll wow your guests - it's made with creamy advocaat liqueur and homemade fruit syrup,"['For the rhubarb syrup', '85g caster sugar', '300g chopped rhubarb']","['To make the rhubarb syrup, put the caster sugar in a saucepan with 75ml water. Heat very gently, so the sugar disappears but the water doesn’t bubble. Tip in the chopped rhubarb, cover with a tight-fitting lid and increase the heat a little so it begins to boil. Simmer, covered, for about 5 mins until the rhubarb is very tender but not disintegrating.', 'Turn off the heat, and tip the pan’s contents into a fine sieve over a bowl. Use a wooden spoon to gently squeeze the rhubarb so that you get all the juices, but no pulp. Tip back into the pan and boil rapidly for a few mins until just syrupy. Pour into a jug – you should have about 125ml. Leave to cool completely. Any leftovers will keep in the fridge for up to 1 month.', 'Chill 4 cocktail glasses with ice or in your freezer. Shake the vodka and 100ml of the rhubarb syrup together with ice until mixed and chilled down. Make small shreds of rhubarb using a vegetable peeler and place into iced water – this will make them curl up.', 'In a separate jug, whisk together the advocaat and lemonade with more ice to lighten. Divide the vodka and rhubarb mixture between the glasses, straining through a small sieve to catch the ice.', 'Carefully pour 25ml of your advocaat mixture into each glass over an upsidedown spoon (the mixture should float on the surface of the vodka syrup mixture). Drain the rhubarb shreds well and use to garnish your cocktails.']",bbc,https://www.bbcgoodfood.com/recipes/rhubarb-custard-cocktail,https://images.immediate.co.uk/production/volatile/sites/30/2020/08/recipe-image-legacy-id-1243637_8-967b387.jpg
apple & elderflower gin cocktail,5 mins,8,Easy,Cool off with this gin-based apple and elderflower cocktail with both fruity and floral notes. Make a batch of this easy summer drink for entertaining,"['250ml gin', '200ml elderflower cordial', '1l cloudy apple juice', 'apple slices and ice, to serve']","['In a jam jar, mix gin with cordial. When ready to serve, divide the mixture between 8 glasses, top up with apple juice, apple slices and ice.']",bbc,https://www.bbcgoodfood.com/recipes/apple-elderflower-gin-cocktails,https://images.immediate.co.uk/production/volatile/sites/30/2013/07/Apple-elderflower-cocktail-b81a932.jpg
white russian,5 mins,1,Easy,We like this classic vodka cocktail made with fresh cream – the Kahlúa liqueur adds a coffee-infused finish,"['60ml vodka', '2 tbsp Kahlúa', '1 tbsp cream']",['Mix together all the ingredients. Put some ice cubes in a small tumbler and pour the cocktail over the top.'],bbc,https://www.bbcgoodfood.com/recipes/white-russian,https://images.immediate.co.uk/production/volatile/sites/30/2020/08/white-russian-d858c59.jpg
bellini,5 mins,6,Easy,A classy cocktail served in an elegant flute - this simple combination of peach purée and Prosecco makes a great start to any celebration,"['500ml peach purée or peach nectar', '1 bottle prosecco']",['Put the peach puree in a Champagne flute up to about 1/3 full and slowly top up with Prosecco.'],bbc,https://www.bbcgoodfood.com/recipes/bellini,https://images.immediate.co.uk/production/volatile/sites/30/2020/08/bellini-b049342.jpg
orange blossom bellinis,5 mins,6,Easy,A citrus burst in a cocktail glass. Your guests will love these delicate tipples with prosecco or champagne fizz,"['175ml chilled blood orange juice', '1 tbsp orange blossom water', 'chilled champagne or prosecco', 'salted almonds and olives , to serve (optional)']","['Mix together orange juice and orange blossom water, then divide between 6 cocktail glasses. Top up with champagne or prosecco and serve with nibbles like olives and salted almonds.']",bbc,https://www.bbcgoodfood.com/recipes/orange-blossom-bellinis,https://images.immediate.co.uk/production/volatile/sites/30/2020/08/recipe-image-legacy-id-1308573_3-30c07f9.jpg
non-alcoholic punch,15 mins,for,Easy,Make our refreshing non-alcoholic fruit punch for your next gathering. This easy drink has plenty of zesty citrus flavours,"['100g cranberry', '100ml/3½fl oz cranberry juice', '500ml blood orange juice (Sanguinello)', 'juice of 1 lime', 'thin wedges of lime', 'thin wedges of orange', 'mint sprigs', '600ml Appletise, sparkling apple juice drink']","['Put the cranberries into a medium size, rigid freezer container, cover with water (by about 2.5cm), freeze until solid.', 'Mix the cranberry juice in a large jug (about 1.5 litre) with the orange and lime juices.', 'To serve, smash the sheet of frozen cranberries into shards and put in the bottom of eight highball glasses. Put a wedge of lime and orange and a mint sprig in each glass, then pour in the mixed fruit juices and top up with Appletise.']",bbc,https://www.bbcgoodfood.com/recipes/drivers-punch,https://images.immediate.co.uk/production/volatile/sites/30/2020/08/recipe-image-legacy-id-1261_11-024c325.jpg
gooseberry & elderflower fizz,10 mins,2,Easy,A lightly floral Prosecco-based cocktail with crushed fresh fruit and refreshing cordial,"['12 gooseberries', '1 tbsp caster sugar', 'juice ½ lemon', '3 tbsp elderflower cordial', 'chilled sparkling wine , for topping up (we used Prosecco)']","['Tip gooseberries and sugar into a cocktail shaker or large jam jar with a lid. Using the end of a rolling pin, mush the gooseberries and sugar together. Add lemon juice, cordial and 4 ice cubes, pop on the lid and shake well. Strain into glasses and top up with white wine, then stir before serving.']",bbc,https://www.bbcgoodfood.com/recipes/gooseberry-elderflower-fizz,https://images.immediate.co.uk/production/volatile/sites/30/2020/08/fizz_1-7c5f0ba.jpg
peach punch,10 mins,8,Easy,Add a boozy kick to your summer party with this peachy cocktail,"['4 tbsp caster sugar', 'zest and juice 1½ lemon', '750ml bottle rosé wine', '150ml peach schnapps', '1 peach , sliced', '1⁄2 lemon , sliced', 'ice cubes', '1l bottle of soda water or tonic']","['Heat the sugar with the lemon zest and 100ml water until the sugar dissolves. Cool, pour into a jug and add the wine, lemon juice and schnapps.', 'When ready to serve add plenty of ice and the fruit and top up with the soda or tonic to taste.']",bbc,https://www.bbcgoodfood.com/recipes/peach-punch,https://images.immediate.co.uk/production/volatile/sites/30/2020/08/recipe-image-legacy-id-424828_11-a954110.jpg
vodka & cranberry blush,10 mins,12,Easy,A sophisticated dinner party cocktail with a crisp cranberry kick,"['200ml/7fl oz each vodka and Cointreau', '600ml cranberry juice', '400ml orange juice', 'strips of peel from 2-3 limes', 'crushed ice , to serve']","['Pour the vodka and Cointreau into a jug, then add the cranberry juice and orange juice. Stir well.', 'Pare strips of peel from 2-3 limes. Fill 12 glasses with the crushed ice, then pour over the cocktail. Finish each glass with a strip of lime peel.']",bbc,https://www.bbcgoodfood.com/recipes/vodka-cranberry-blush,https://images.immediate.co.uk/production/volatile/sites/30/2020/08/recipe-image-legacy-id-424782_11-75c4c52.jpg
sparkling mint & lemon juleps,10 mins,6,Easy,A sparkling wine cocktail to start a lovely evening,"['85g golden caster sugar', '4 tbsp fresh lemon juice', '1 bottle of chilled, sparkling wine (Cava is a good choice)', '20g/1oz pack fresh mint']","['Put the sugar and lemon juice in a small pan and heat gently to dissolve the sugar. Simmer for 2 minutes to make a syrup. Remove from the heat and leave to cool. This can be made in advance and kept in the fridge for up to a week.', 'To serve, pour the lemon syrup into 6 champagne flutes or tall glasses, top up each glass with the chilled sparkling wine, then stir quickly to mix before serving with mint sprigs tucked in the top.']",bbc,https://www.bbcgoodfood.com/recipes/sparkling-mint-lemon-juleps,https://images.immediate.co.uk/production/volatile/sites/30/2020/08/recipe-image-legacy-id-444718_11-e3d1f3f.jpg
watermelon gin spritzer,10 mins,8,Easy,A refreshing cocktail - perfect for a summer evening in the garden,"['2large limes', '100g watermelon', '2 tbsp gin', 'tonic water']","['Cut the limes into 16 pieces. Squeeze 2 pieces of lime into each of the 8 glasses, then drop in the squeezed flesh. Chop the watermelon and divide among the glasses, and throw in some ice cubes. Pour gin over each and top up with chilled tonic water.']",bbc,https://www.bbcgoodfood.com/recipes/watermelon-gin-spritzer,https://images.immediate.co.uk/production/volatile/sites/30/2020/08/recipe-image-legacy-id-4122_11-e808be2.jpg
bitter orange & cardamom martinis,15 mins,6,Easy,"A decadent cocktail infused with the aroma of Christmas spice, this is sure to get the party season going","['12 cardamom pods', '6 tbsp Seville orange marmalade , plus more to serve', '400ml vodka', '125ml Cointreau', '4 tbsp lemon juice', 'ice , to serve']","['Bash 6 cardamom pods in a pestle and mortar until they split.', 'Melt the marmalade in a pan, then whisk in the vodka. Add the crushed pods. Don’t boil the mix, simply warm it for a few mins. Leave to infuse off the heat for 20 mins, then strain.', 'Add the Cointreau and lemon juice and chill (or keep in the freezer). Serve in glasses with a little more marmalade in the bottom, ice and a cardamom pod floating on top.']",bbc,https://www.bbcgoodfood.com/recipes/bitter-orange-cardamom-martinis,https://images.immediate.co.uk/production/volatile/sites/30/2020/08/recipe-image-legacy-id-73620_10-7f47247.jpg
mulled wine cocktail,2 mins,4,Easy,"The perfect party drink, as it can be made well ahead, then brought out of the fridge as guests arrive – or serve it hot for a traditional winter warmer","['100g/4oz light muscovado sugar', '1 star anise', '1 cinnamon stick', '4 cloves', '150ml water', '1 lemon', '2 clementines', '150ml Cointreau', '750ml/ 1¼pint bottle light red wine , such as Beaujolais', 'Twist of orange zest and a star anise, to serve']","['Put 100g light muscovado sugar in a pan with 1 star anise, 1 cinnamon stick, 4 cloves and 150ml water. Bring slowly to the boil, stirring to dissolve the sugar.', 'Simmer for 2 mins, then pour into a large jug and leave to cool. Add 1 lemon and 2 clementines, both thinly sliced, to the jug along with 150ml Cointreau and a 750ml bottle light red wine, such as a Beaujolais. Stir well, then cover and chill for at least 2 hrs or overnight if you can.', 'Serve chilled or over ice, with a twist of orange zest and a star anise. If you’d like to serve a traditional warm mulled wine, there’s no need to chill – simply warm through without boiling and serve in heatproof glasses.']",bbc,https://www.bbcgoodfood.com/recipes/mulled-wine-cocktail,https://images.immediate.co.uk/production/volatile/sites/30/2020/08/recipe-image-legacy-id-444737_11-c63e0c7.jpg
appleberry mulled wine,30 mins,for,Easy,This mulled wine recipe is packed with cinnamon and berry flavours - a real winter warmer,"['2 x 75cl bottles red wine (such as Merlot; better quality wine makes all the difference)', '1l good-quality cloudy apple juice', '115g caster sugar', '1long cinnamon stick , snapped in half', '2 star anise', '3 tbsp orange Curaçao or Cointreau', 'a handful or so (about 100g/4oz) frozen mulled fruit or fruits of the forest or Black Forest fruits', '3small red-skinned apples , sliced into rings']","['Pour the wine and apple juice into a large saucepan and add the sugar, cinnamon stick and star anise. Heat gently, stirring once or twice, until the sugar has dissolved, then continue heating gently for another 15 minutes.', 'Just before serving, swirl in the Curaçao or Cointreau, throw in the frozen fruits and add the apple slices.']",bbc,https://www.bbcgoodfood.com/recipes/appleberry-mulled-wine,https://images.immediate.co.uk/production/volatile/sites/30/2020/08/recipe-image-legacy-id-1268_12-a4f8330.jpg
eastern breeze,10 mins,6,Easy,"Christmas is hectic enough, so this vibrant vegan cocktail couldn’t be simpler to make and is perfect for batch making quickly for a large group","['ice', '300ml vodka', '24 mint leaves', 'seeds from 1 pomegranate (about 1 heaped tsp per glass)', '600ml apple juice']","['Fill six highball or big wine glasses with ice and divide 300ml vodka between them. Add 24 mint leaves, seeds from 1 pomegranate (about 1 heaped tsp per glass) and 600ml apple juice, then stir with a straw or chopstick to muddle.']",bbc,https://www.bbcgoodfood.com/recipes/eastern-breeze,https://images.immediate.co.uk/production/volatile/sites/30/2020/08/eastern-breeze-fce3543.jpg
tequila sunrise,5 mins,1,Easy,"Master the art of a classic tequila sunrise, with grenadine, tequila, triple sec, orange juice – and of course a cocktail cherry and umbrella as garnish","['2 tsp grenadine', 'ice', '50ml tequila', '1 tbsp triple sec', '1 large orange, or 2 small ones, juiced', '½ lemon, juiced', '1 cocktail cherry']","['Pour the grenadine into the base of a tall glass and set aside. Fill a cocktail shaker with ice and add the tequila, triple sec and fruit juices. Shake until the outside of the shaker feels cold.', 'Add a few ice cubes to the serving glass then carefully double strain the cocktail into it, trying not to disturb the grenadine layer too much. Add more ice if needed to fill the glass then garnish with a cherry on a stick or cocktail umbrella.']",bbc,https://www.bbcgoodfood.com/recipes/tequila-sunrise,https://images.immediate.co.uk/production/volatile/sites/30/2018/04/tequila-sunrise-18167a1.jpg
daiquiri,5 mins,1,Easy,"Master the art of the daiquiri with white rum, sugar and lime. We also have three twists on this classic cocktail that will go down a storm at any party","['50ml white rum', '25ml lime juice', '10ml sugar syrup', 'ice']","['Shake all the ingredients in a cocktail shaker and strain into a cocktail glass. ', 'Strawberry daiquiri', 'Hemingway’s ‘Papa Doble’ daiquiri', 'La Terraza’s blue daiquiri']",bbc,https://www.bbcgoodfood.com/recipes/daiquiri,https://images.immediate.co.uk/production/volatile/sites/30/2020/08/lime-daiquiri-7ac7e81.jpg
pimm's,5 mins,3,Easy,"A true taste of summer, serve this fruity punch with fresh mint leaves, cucumber, orange and strawberries","[""200ml Pimm's No. 1"", '600ml lemonade', 'mint sprigs, sliced cucumber, sliced orange and strawberries, to serve']","['Fill a jug with ice and pour over the Pimm’s and lemonade. Give it a good stir then add the mint, cucumber and fruit.']",bbc,https://www.bbcgoodfood.com/recipes/pimms,https://images.immediate.co.uk/production/volatile/sites/30/2013/11/Pimms-2b23cd0.jpg
woo woo,5 mins,1,Easy,"Mix vodka, peach schnapps, cranberry juice and fresh lime to make this perfect party cocktail, garnished with a lime wedge (and maybe a tiny umbrella too)","['50ml vodka', '25ml peach schnapps', '100ml cranberry juice', 'few drops fresh lime juice', 'ice', 'wedge of lime']","['Fill a cocktail shaker with ice then add the vodka, peach schnapps, cranberry juice and a few drops of lime juice. Shake really well then strain into a tumbler with extra ice. Garnish with a wedge of lime. ']",bbc,https://www.bbcgoodfood.com/recipes/woo-woo,https://images.immediate.co.uk/production/volatile/sites/30/2020/08/440x400-woo-woo-1a6bc34.jpg
elderflower & cucumber g&ts,10 mins,4,Easy,"This delicately coloured, refreshing take on the classic gin and tonic makes a perfect picnic tipple","['10 cm piece of cucumber', '100ml elderflower cordial', '100ml gin', '1l bottle tonic water , to serve']","['Peel 2 long strips from the piece of cucumber and put in a small tupperware for transporting. Grate the remaining cucumber into a sieve set over a bowl and press down on it with the back of a spoon to extract as much juice as possible. Add the elderflower cordial and gin to the cucumber juice and put in a bottle ready for travelling. At your picnic, wind the strips of cucumber around inside 2 glasses, pour in a quarter of the cucumber gin mixture, and top up with with a quarter of the bottle of tonic water to serve.']",bbc,https://www.bbcgoodfood.com/recipes/elderflower-cucumber-gts,https://images.immediate.co.uk/production/volatile/sites/30/2020/08/elderflower-cucumber-gts-8224599.jpg
claridge’s sazerac,10 mins,1,Easy,"Mix whiskey, cognac and absinthe with bitters to make this chic cocktail, adapted from Cecil Beaton’s Cocktail Book, produced by the National Portrait Gallery in collaboration with Claridge’s","['2 drops of absinthe (we used Pernod)', '30ml rye whiskey (we used Michter’s)', '30ml cognac (we used Rémy Martin VSOP)', '2 drops of Peychaud’s bitters', '5ml sugar syrup', '1 strip of lemon peel , to garnish']","['Put a tumbler in the freezer. When it’s freezing cold, pour in the absinthe, swirl it so it thinly coats the inside of the glass, then tip it away. This is called rinsing. ', 'Stir the remaining ingredients, except the lemon peel garnish, together in a mixing glass, then strain into the prepared tumbler. ', 'Garnish with the lemon peel and serve.']",bbc,https://www.bbcgoodfood.com/recipes/claridges-sazerac,https://images.immediate.co.uk/production/volatile/sites/30/2020/08/claridges-sazerac-64aa0d9.jpg
white rabbit cocktail,5 mins,2,Easy,"Enjoy a springtime twist on a brandy alexander with a white rabbit cocktail. It's a blend of amaretto, cream, lemon curd and vanilla, finished with flowers","['80ml gin', '50ml amaretto', '50ml double cream', '1 tsp lemon curd', '¼ tsp vanilla paste', 'handful of ice', 'edible flowers , to serve']","['Put the gin, amaretto, double cream, lemon curd and vanilla paste into a cocktail shaker with a handful of ice and shake until the outside of the shaker feels very cold. Strain into two small cocktail or coupe glasses and garnish with edible flowers before serving.']",bbc,https://www.bbcgoodfood.com/recipes/white-rabbit-cocktail,https://images.immediate.co.uk/production/volatile/sites/30/2020/08/white-rabbit-1ad128e.jpg
zombie cocktail,5 mins,1,Easy,"Blend white and dark rum with lime juice, pineapple juice and a splash of grenadine to make this ghoulish Halloween cocktail. Garnish with cherries and mint","['25ml dark rum (or a mixture of dark rum and golden rum)', '25ml white rum (or a mixture of white rum and overproof rum)', '50ml lime juice', '150ml pineapple juice', 'ice', '1 tsp grenadine']","['Pour the rums and fruit juices into a cocktail shaker filled with ice and shake hard until the outside of the shaker feels really cold.', 'Strain the mixture into a tall glass or hurricane glass filled with ice, then slowly pour in the grenadine to colour the drink.', 'Skewer the orange wedge and cherries on a cocktail stick. Garnish the drink with mint sprigs and the skewered fruit.']",bbc,https://www.bbcgoodfood.com/recipes/zombie-cocktail,https://images.immediate.co.uk/production/volatile/sites/30/2020/08/zombie-a2ad1e2.jpg
grasshopper cocktail,5 mins,1,Easy,"Looking for a spooky cocktail to serve at a Halloween party? With its bright green colour, this minty grasshopper cocktail will certainly look the part...","['ice', '25ml crème de menthe', '25ml white crème de cacao', '25ml single cream']","['Start by making the garnish. Take a sprig of mint, strip off the leaves at the base and dip the stalk in the melted chocolate, holding the upper leaves gently. Leave to set on a plate or tray.', 'Fill a cocktail shaker with ice then pour in the liqueurs and cream. Shake hard until the outside of the cocktail shaker is cold, then strain in to a cocktail glass or small coupe. Garnish with the chocolate-dipped sprig of mint.']",bbc,https://www.bbcgoodfood.com/recipes/grasshopper-cocktail,https://images.immediate.co.uk/production/volatile/sites/30/2018/09/grasshopper-cocktail-93b5a27.jpg
mezcalita verde cocktail,15 mins,cocktail,Easy,"Get a taste of Mexico with this mezcalita verde cocktail. Make a jugo verde with pineapple, jalapeño, lime, cucumber, agave syrup and parsley, then add mezcal – salud!","['1 pineapple , skin removed and chopped', '1 bunch of parsley', '3 limes , juiced', '1 cucumber , chopped, slices reserved for garnish', '¼ - ½ green jalapeño', 'agave syrup , to taste', '50ml Mezcal']","['Make the jugo verde by whizzing the pineapple, parsley, lime juice, cucumber and 200-250ml water in a blender. Add the jalapeño (the amount will depend on how spicy you’d like it) and blend. Adjust the sweetness by adding some agave syrup. Strain into a jug and chill – this makes about 800ml, use for another round of cocktails, or freeze the leftovers.', 'Mix the mezcal with a dash of agave syrup, 50ml of the jugo verde and some ice cubes in a cocktail shaker. Shake and strain into glasses with a slice of cucumber for garnish.']",bbc,https://www.bbcgoodfood.com/recipes/mezcalita-verde-cocktail,https://images.immediate.co.uk/production/volatile/sites/30/2020/08/mezcalita-verde-587bf20.jpg
vampiro cocktail,5 mins,1,Easy,"Blend tequila and mescal with passata, lime and lemon juice, grenadine, Worcestershire sauce and Tabasco to make this vibrant red, Halloween-inspired cocktail","['40ml Blanco tequila', '10ml mescal', '20ml passata', '10ml lime juice', '5ml lemon juice', '5ml grenadine', '10ml Worcestershire sauce', '3 dashes pepper sauce (Tabasco is fine)']","['Chill a small wine glass or coupette glass, then brush a little water on the rim and dip into some fine smoked salt.', 'Put all the cocktail ingredients in the base of a cocktail shaker or a glass full of ice. Stir until the outside of the container feels cold, then strain into the prepared glass.']",bbc,https://www.bbcgoodfood.com/recipes/vampiro,https://images.immediate.co.uk/production/volatile/sites/30/2020/08/vampiro-0d534bf.jpg
mulled gin,5 mins,4,Easy,Infuse apple juice with festive spices to make this Christmassy gin cocktail,"['100ml gin', '400ml apple juice', '½ lemon, sliced', '1 bay leaf', '4 cloves', '2 cardamom pods, lightly crushed', '1 small cinnamon stick', '3 juniper berries, lightly crushed', '½ tsp coriander seeds', '1 tsp runny honey']","['Divide the gin between four small heatproof glasses or teacups.', 'Tip the apple juice into a saucepan with the rest of the ingredients. Heat gently until simmering, then strain into a jug. Pour the mulled apple juice into the glasses with the gin and stir gently to combine. Garnish each glass with a bay leaf and half a lemon slice and serve warm.']",bbc,https://www.bbcgoodfood.com/recipes/mulled-gin,https://images.immediate.co.uk/production/volatile/sites/30/2020/08/mulled_gin-8bf190e.jpg
french 75 cocktail,5 mins,1,Easy,"Love gin and champagne? Combine the two in this classic cocktail with lemon, which is sure to be a hit at any celebration. Garnish with a strip of lemon zest","['1 tbsp lemon juice', '1 tsp sugar syrup', '50ml gin', 'champagne', 'ice', 'lemon zest']","['Pour the lemon juice, sugar syrup and gin into a cocktail shaker then fill up with ice.', 'Shake well then strain into a champagne flute. Top with a little champagne, leave to settle (as it will bubble up) then fill up with more champagne. Swirl gently with a cocktail stirrer then garnish with a strip of lemon zest if you like. ']",bbc,https://www.bbcgoodfood.com/recipes/french-75-cocktail,https://images.immediate.co.uk/production/volatile/sites/30/2020/08/440x400-french-75-554dc19.jpg
blood beetroot cocktails,15 mins,6,Easy,This blood-red lemonade and Prosecco combo is sure to be your new favourite spooky tipple,"['For the beetroot lemonade', '200g raw beetroot , grated', 'juice 8 lemons', '200g golden caster sugar']","['First, make the beetroot lemonade. In a bowl, stir together the beetroot, lemon juice and sugar. Steep in the fridge for at least 1 hr, stirring occasionally to dissolve the sugar. Pour the mixture through a sieve into a large jug to get rid of the pulp.', 'To make the cocktail, pour 25ml of the beetroot lemonade into each glass, followed by 50ml of Aperol and a few ice cubes. Top with Prosecco and serve.']",bbc,https://www.bbcgoodfood.com/recipes/blood-beetroot-cocktails,https://images.immediate.co.uk/production/volatile/sites/30/2020/08/blood-beetroot-cocktails-a427381.jpg
spiced apple strudel & brandy cocktail,20 mins,4,Easy,The classic Sixties sidecar cocktail is given a Viennese twist with flavours of apple strudel - a tasty tipple for the Eurovision Song Contest,"['2 tbsp golden caster sugar', '200ml pressed apple juice', '1 cinnamon stick', '100ml cognac', '50ml Disaronno', '50ml madeira wine', 'juice 1 lemon', 'a large handful of ice']","['Dip the rim of 4 Martini glasses in a saucer of water, then into a saucer or small dish of golden caster sugar. Pop the glasses into the fridge until ready to serve.', 'Warm the apple juice in a small saucepan with the cinnamon stick. Bring to the boil, then turn off the heat and leave to go cold. Once cold, discard the cinnamon stick and pour into a jug.', 'Put the Cognac, Disaronno, Madeira wine and lemon juice into a cocktail shaker with a large handful of ice. Shake together until the mixture is chilled. Strain into your glasses, top up with the spiced apple juice and serve immediately.']",bbc,https://www.bbcgoodfood.com/recipes/apfelstrudel-sidecar,https://images.immediate.co.uk/production/volatile/sites/30/2020/08/apfelstrudel-sidecar-bca998c.jpg
kneecapper cocktail,5 mins,1,Easy,This cocktail is based on a classic Bees Knees cocktail. Swap the gin for poitín – an Irish spirit – the sweet honey and zingy citrus accentuate the barley flavours in poitín,"['50ml poitín', '25ml lemon juice', '20ml honey water, see tip below']",['Shake all the ingredients together and double strain into a sours or cocktail glass.'],bbc,https://www.bbcgoodfood.com/recipes/kneecapper-cocktail,https://images.immediate.co.uk/production/volatile/sites/30/2021/06/the-kneecapper-571c1ad.jpg
bicyclette cocktail,5 mins,2,Easy,"This white wine cocktail is made with the classic bitter, Campari - add wedges of lemon for a refreshing fruity hit","['100ml Campari', 'ice cubes', '200ml dry white wine', 'slices from 1/2 lemon']","['Divide the Campari between 2 wine glasses, add 2-3 ice cubes to each glass, then top with the dry white wine.', 'Add the lemon wedges, stir to gently combine the flavours and serve.']",bbc,https://www.bbcgoodfood.com/recipes/bicyclette,https://images.immediate.co.uk/production/volatile/sites/30/2020/08/bicyclette-e19609d.jpg
chocolate orange cocktail,15 mins,4,Easy,"Impress your Christmas party guests with this festive cocktail - with vodka, orange syrup, crème de cacao and grated chocolate","['100g golden caster sugar', 'zest of 1 orange or clementine', 'grated dark chocolate , to decorate', '100ml vodka', '100ml crème de cacao', '60ml orange syrup', '40ml orange juice', 'ice']","['First make an orange syrup. Combine 100ml water with the golden caster sugar and the orange or clementine zest in a pan and bring to the boil. Cool and strain the syrup.', 'Chill 4 coupé glasses, then dampen the rims with a little water and dip in the grated dark chocolate. In a cocktail shaker, shake the vodka, crème de cacao, orange syrup and orange juice with ice (you may need to make in 2 batches). Pour into the glasses.']",bbc,https://www.bbcgoodfood.com/recipes/jackos-chocolate-orange,https://images.immediate.co.uk/production/volatile/sites/30/2020/08/jackos-chocolate-orange-5bdf756.jpg
aperol & limoncello cocktail,5 mins,4,Easy,"Mix vodka, limoncello, Aperol and orange juice for this punchy citrus party drink - make with Campari if you prefer","['100ml vodka', '100ml limoncello', '1 tbsp triple sec', '200ml Aperol or Campari', '300ml orange juice']",['Mix together all the ingredients in a jug. Chill until ready to serve. Pour into 4 highball glasses with ice. Decorate with citrus skewers.'],bbc,https://www.bbcgoodfood.com/recipes/aperol-limoncello-cocktail,https://images.immediate.co.uk/production/volatile/sites/30/2020/08/aperol_limoncello_mn-2e6f7fd.jpg
snowball cocktail,10 mins,4,Easy,Spice up the classic advocaat cocktail with a dose of warming ginger and a splash of good old-fashioned Babycham. It'll get the Christmas party started,"['100ml golden caster sugar', 'a handful of sliced ginger', '100ml advocaat', '100ml ginger syrup', 'Babycham , to top up the glass']","['First make a ginger syrup. Combine 100ml water with the golden caster sugar and a handful of sliced ginger in a pan and bring to the boil. Cool the mixture and strain through a sieve.', 'Fill a highball glass with ice and pour the advocaat and ginger syrup into a cocktail shaker. Shake well, pour into the glasses, top with Babycham and serve.']",bbc,https://www.bbcgoodfood.com/recipes/nancys-snowball,https://images.immediate.co.uk/production/volatile/sites/30/2020/08/nancys-snowball-117cfe6.jpg
soul reviver cocktail,5 mins,1,Easy,"This sophisticated sipping cocktail is made with fragrant plum sake, lemon juice and dry vermouth for a lip-smackingly good weekend tipple","['20ml plum sake', '20ml dry vermouth', '20ml triple sec']",[],bbc,https://www.bbcgoodfood.com/recipes/soul-reviver-cocktail,https://images.immediate.co.uk/production/volatile/sites/30/2021/08/Soul-reviver-cocktail-db064e8.jpg
prosecco & elderflower cocktail,25 mins,4,Easy,"This floral prosecco and vodka cocktail, with edible flower ice cubes and elegant elderflower flavours is sure to be your new favourite summer tipple","['For the ice cubes', '8 edible flowers (such as violets or rose petals)', '200ml cold jasmine tea', '1 tsp orange blossom honey', '25ml elderflower cordial', 'juice 1 grapefruit', '75ml vodka', '300ml prosecco', 'extra ice cubes']","['Before the Contest, freeze the 8 edible flowers in 8 ice cubes, if you like.', 'Pour the jasmine tea into a cocktail shaker with the orange blossom honey, elderflower cordial, grapefruit juice and vodka. Add a handful of (normal) ice cubes and shake well.', 'Strain into 4 tall glasses. Divide the Prosecco between the glasses, then add extra ice and the flowery ice cubes (if using).']",bbc,https://www.bbcgoodfood.com/recipes/winners-bouquet,https://images.immediate.co.uk/production/volatile/sites/30/2020/08/winners-bouquet-ce4306c.jpg
mrs momoiro cocktail,5 mins,1,Easy,"Dry and sweet, this picture-perfect strawberry cocktail is a dream summer drink made with vodka and a dash of absinthe","['ice', '30ml Japanese vodka (we used Suntory Haku)', '15ml strawberry liqueur', '130ml dry rosé wine', '2 dashes of absinthe', 'small handful of strawberries, hulled and sliced, to garnish']","['Fill a wine glass with ice. Pour in the vodka, strawberry liqueur and rosé, shake over two dashes of absinthe and stir well.', 'Stir in the strawberry slices to garnish, then serve.']",bbc,https://www.bbcgoodfood.com/recipes/mrs-momoiro-cocktail,https://images.immediate.co.uk/production/volatile/sites/30/2021/05/Mrs-Momoiro-cocktail-813c193.jpg
bourbon cocktail,5 mins,2,Easy,"Serve this zingy cocktail, with crème de cacao and grenadine, with a twist of pared orange zest for a stylish party drink","['4 tbsp bourbon', '4 tbsp crème de cacao', '4 tbsp lemon juice', '2 dashes of grenadine', '4 tsp golden caster sugar']","['Put all the ingredients in a cocktail shaker with some ice. Shake together, then pour into Martini glasses, add the zest, and serve. Alternatively, serve over ice in highball glasses.']",bbc,https://www.bbcgoodfood.com/recipes/bourbon-cocktail,https://images.immediate.co.uk/production/volatile/sites/30/2020/08/bourbon-cocktail-122cbab.jpg
hibiscus & prosecco cocktail,15 mins,4,Easy,Hibiscus flowers in syrup add a final flourish to this pink prosecco and vodka cocktail - ideal to sip at a Eurovision party,"['100ml vodka', '25ml ginger cordial', 'juice 1 orange', 'juice 1 lemon', 'a handful of ice', 'hibiscus flowers , from a jar (keep the syrup to add at the end)', '300ml prosecco']","['Pour the vodka into a cocktail shaker with the ginger cordial, orange and lemon juice. Add a handful of ice and shake until the cocktail shaker is frosty.', 'Line up 4 champagne flutes, put a hibiscus flower in each, then strain the cocktail into the glasses. Divide the prosecco between the glasses, then drop 1 tsp syrup from the hibiscus flower jar into each and allow it to sink before serving.']",bbc,https://www.bbcgoodfood.com/recipes/phoenix-fizz,https://images.immediate.co.uk/production/volatile/sites/30/2020/08/pheonix-fizz-e6abcb6.jpg
gibson cocktail,10 mins,1,Easy,"Add an umami undertone to a classic drink, with a gibson cocktail. Similar to a martini, it uses a pickled cocktail onion in place of an olive","['3 small silverskin pickled onions', '65ml gin', '5ml dry vermouth', 'ice']","['Start by making the garnish by charring the onions in a hot non-stick frying pan to obtain colour (about 4-5mins) then set aside to cool.', 'Pour all of the ingredients into a mixing glass or jug, add cubed ice and stir for around 30 seconds to achieve the desired dilution. Strain into a chilled cocktail glass, or for extra flair pour it into a small glass bottle and sit it in an ice-filled tumbler to act as a mini ice bucket. Serve with a small liqueur or port glass on the side to pour it into.', 'Thread the cooled onions onto a cocktail stick and use to garnish the drink.']",bbc,https://www.bbcgoodfood.com/recipes/gibson,https://images.immediate.co.uk/production/volatile/sites/30/2018/07/gibson-cocktail-ee04140.jpg
toffee apple sour cocktail,5 mins,1,Easy,Tantalise your guests' tastebuds with this delicious toffee apple sour. It's a perfect cocktail for a grown-up Halloween party or a Bonfire Night treat,"['40ml Somerset brandy 5yr (Calvados will do – nothing with too much age as it will start to lose some of its apple-y character)', '20ml lemon juice', '20ml egg white', '10ml toffee syrup (Biona Caramel Agave Syrup is great, or see the recipe below)', 'Breton cider to top up (about 40-50ml)']","['Put all the ingredients, except the cider, into a cocktail shaker and dry shake (no ice).', 'Add ice to the shaker and shake again. Strain into a small wine glass and top with the Breton cider.']",bbc,https://www.bbcgoodfood.com/recipes/toffee-apple-sour,https://images.immediate.co.uk/production/volatile/sites/30/2020/08/toffee-apple-sour-f50dd26.jpg
michelada (mexican beer cocktail),5 mins,4,Easy,On a warm summer evening start the weekend with an easy Mexican-inspired cocktail,"['4 tbsp sea salt', 'juice of 6 limes', 'Mexican lager (we used Corona)', 'Tabasco sauce or Worcestershire sauce, to serve (optional)']","['Pour 4 tbsp sea salt onto a plate. Dip 4 long glasses into the juice of 6 limes, then into the salt, so you get a little salt rim around the top of the glass. Put some ice into each glass, then divide the lime juice between the glasses and top up with lager. Finish with a dash of Tabasco or Worcestershire sauce if you like.']",bbc,https://www.bbcgoodfood.com/recipes/michelada-mexican-beer-cocktail,https://images.immediate.co.uk/production/volatile/sites/30/2020/08/recipe-image-legacy-id-684562_10-24bd9dd.jpg
